relation,id
rel,R1
rel.loc,R101
rel.loc.loc-loc,R101001
rel.loc.loc-loc.adjacentBuilding,R1010011
rel.loc.loc-loc.administrativeDivision,R1010012
rel.loc.loc-loc.administrativeDivision.area,R1010013
rel.loc.loc-loc.administrativeDivision.area.lieutenancyArea,R1010014
rel.loc.loc-loc.administrativeDivision.area.principalArea,R1010015
rel.loc.loc-loc.administrativeDivision.canton,R1010016
rel.loc.loc-loc.administrativeDivision.county,R1010017
rel.loc.loc-loc.administrativeDivision.county.ceremonialCounty,R1010018
rel.loc.loc-loc.administrativeDivision.department,R1010019
rel.loc.loc-loc.administrativeDivision.department.arrondissement,R10100110
rel.loc.loc-loc.administrativeDivision.diocese,R10100111
rel.loc.loc-loc.administrativeDivision.district,R10100112
rel.loc.loc-loc.administrativeDivision.district.administrativeDistrict,R10100113
rel.loc.loc-loc.administrativeDivision.district.electoralDistrict,R10100114
rel.loc.loc-loc.administrativeDivision.frazioni,R10100115
rel.loc.loc-loc.administrativeDivision.metropolitanBorough,R10100116
rel.loc.loc-loc.appliesToJurisdiction,R10100117
rel.loc.loc-loc.archipelago,R10100118
rel.loc.loc-loc.capitalOf,R10100119
rel.loc.loc-loc.carries,R10100120
rel.loc.loc-loc.childAstronomicalBody,R10100121
rel.loc.loc-loc.city,R10100122
rel.loc.loc-loc.city.capitalCity,R10100123
rel.loc.loc-loc.city.capitalCity.countryCapital,R10100124
rel.loc.loc-loc.city.largestCity,R10100125
rel.loc.loc-loc.city.nearestCity,R10100126
rel.loc.loc-loc.city.twinTown,R10100127
rel.loc.loc-loc.coextensiveWith,R10100128
rel.loc.loc-loc.connectingLine,R10100129
rel.loc.loc-loc.connectingService,R10100130
rel.loc.loc-loc.connectsWith,R10100131
rel.loc.loc-loc.constellation,R10100132
rel.loc.loc-loc.contains,R10100133
rel.loc.loc-loc.contains.containsAdministrativeUnit,R10100134
rel.loc.loc-loc.contains.containsSettlement,R10100135
rel.loc.loc-loc.continent,R10100136
rel.loc.loc-loc.country,R10100137
rel.loc.loc-loc.country.basinCountry,R10100138
rel.loc.loc-loc.country.countryOfOrigin,R10100139
rel.loc.loc-loc.country.twinCountry,R10100140
rel.loc.loc-loc.crosses,R10100141
rel.loc.loc-loc.cultureOf,R10100142
rel.loc.loc-loc.deepestPoint,R10100143
rel.loc.loc-loc.diplomaticRelation,R10100144
rel.loc.loc-loc.drainageBasin,R10100145
rel.loc.loc-loc.exclaveOf,R10100146
rel.loc.loc-loc.hasJunctionWith,R10100147
rel.loc.loc-loc.hasPart,R10100148
rel.loc.loc-loc.highestPlace,R10100149
rel.loc.loc-loc.island,R10100150
rel.loc.loc-loc.island.majorIsland,R10100151
rel.loc.loc-loc.isPartOf,R10100152
rel.loc.loc-loc.lake,R10100153
rel.loc.loc-loc.lakeInflow,R10100154
rel.loc.loc-loc.lakeOutflow,R10100155
rel.loc.loc-loc.locatedAt,R10100156
rel.loc.loc-loc.locatedInAdministrativeUnit,R10100157
rel.loc.loc-loc.locatedInArea,R10100158
rel.loc.loc-loc.locatedInArea.locatedInProtectedArea,R10100159
rel.loc.loc-loc.locatedNearbodyOfWater,R10100160
rel.loc.loc-loc.locatedOnAstronomicalBody,R10100161
rel.loc.loc-loc.locatedOnStreet,R10100162
rel.loc.loc-loc.locatedOnTerrainFeature,R10100163
rel.loc.loc-loc.lowestPlace,R10100164
rel.loc.loc-loc.minorPlanetGroup,R10100165
rel.loc.loc-loc.mountain,R10100166
rel.loc.loc-loc.mountain.lowestMountain,R10100167
rel.loc.loc-loc.mountain.mountainRange,R10100168
rel.loc.loc-loc.mountain.parentMountainPeak,R10100169
rel.loc.loc-loc.mouthOfWatercourse,R10100170
rel.loc.loc-loc.mouthOfWatercourse.mouthCountry,R10100171
rel.loc.loc-loc.mouthOfWatercourse.mouthPlace,R10100172
rel.loc.loc-loc.mouthOfWatercourse.mouthRegion,R10100173
rel.loc.loc-loc.mouthOfWatercourse.riverMouth,R10100174
rel.loc.loc-loc.municipality,R10100175
rel.loc.loc-loc.municipality.municipalAssociations,R10100176
rel.loc.loc-loc.municipality.neighboringMunicipality,R10100177
rel.loc.loc-loc.namedAfter,R10100178
rel.loc.loc-loc.ocean,R10100179
rel.loc.loc-loc.parentAstronomicalBody,R10100180
rel.loc.loc-loc.partiallyCoincidentWith,R10100181
rel.loc.loc-loc.placeServedByTransportHub,R10100182
rel.loc.loc-loc.placeServedByTransportHub.cityServed,R10100183
rel.loc.loc-loc.primaryDestinations,R10100184
rel.loc.loc-loc.province,R10100185
rel.loc.loc-loc.region,R10100186
rel.loc.loc-loc.region.subregion,R10100187
rel.loc.loc-loc.replacedBy,R10100188
rel.loc.loc-loc.replaces,R10100189
rel.loc.loc-loc.river,R10100190
rel.loc.loc-loc.routeLocation,R10100191
rel.loc.loc-loc.routeLocation.routeEnd,R10100192
rel.loc.loc-loc.routeLocation.routeJunction,R10100193
rel.loc.loc-loc.routeLocation.routeStart,R10100194
rel.loc.loc-loc.separatedFrom,R10100195
rel.loc.loc-loc.sharesBorderWith,R10100196
rel.loc.loc-loc.siteOfAstronomicalDiscovery,R10100197
rel.loc.loc-loc.sourceOfWatercourse,R10100198
rel.loc.loc-loc.sourceOfWatercourse.sourceCountry,R10100199
rel.loc.loc-loc.sourceOfWatercourse.sourceMountain,R101001100
rel.loc.loc-loc.sourceOfWatercourse.sourcePlace,R101001101
rel.loc.loc-loc.sourceOfWatercourse.sourceRegion,R101001102
rel.loc.loc-loc.startPoint,R101001103
rel.loc.loc-loc.state,R101001104
rel.loc.loc-loc.state.federalState,R101001105
rel.loc.loc-loc.station,R101001106
rel.loc.loc-loc.station.adjacentStation,R101001107
rel.loc.loc-loc.station.interchangeStation,R101001108
rel.loc.loc-loc.terminus,R101001109
rel.loc.loc-loc.territory,R101001110
rel.loc.loc-loc.tributary,R101001111
rel.loc.loc-loc.tributary.leftTributary,R101001112
rel.loc.loc-loc.tributary.rightTributary,R101001113
rel.loc.loc-org,R101002
rel.loc.loc-org.administrator,R1010021
rel.loc.loc-org.airlineHub,R1010022
rel.loc.loc-org.appliesToJurisdiction,R1010023
rel.loc.loc-org.architect,R1010024
rel.loc.loc-org.builder,R1010025
rel.loc.loc-org.club,R1010026
rel.loc.loc-org.club.homeClub,R1010027
rel.loc.loc-org.contractor,R1010028
rel.loc.loc-org.designer,R1010029
rel.loc.loc-org.developer,R10100210
rel.loc.loc-org.discoverer,R10100211
rel.loc.loc-org.engineer,R10100212
rel.loc.loc-org.engineer.civilEngineer,R10100213
rel.loc.loc-org.engineer.servicesEngineer,R10100214
rel.loc.loc-org.engineer.structuralEngineer,R10100215
rel.loc.loc-org.executiveBody,R10100216
rel.loc.loc-org.founder,R10100217
rel.loc.loc-org.governingBody,R10100218
rel.loc.loc-org.landlord,R10100219
rel.loc.loc-org.leaderParty,R10100220
rel.loc.loc-org.legislativeBody,R10100221
rel.loc.loc-org.legislativeBody.house1,R10100222
rel.loc.loc-org.legislativeBody.house2,R10100223
rel.loc.loc-org.legislativeBody.lowerHouse,R10100224
rel.loc.loc-org.legislativeBody.upperHouse,R10100225
rel.loc.loc-org.maintainedBy,R10100226
rel.loc.loc-org.managedBy,R10100227
rel.loc.loc-org.namedAfter,R10100228
rel.loc.loc-org.occupant,R10100229
rel.loc.loc-org.operator,R10100230
rel.loc.loc-org.operator.busOperator,R10100231
rel.loc.loc-org.operator.trainOperator,R10100232
rel.loc.loc-org.owner,R10100233
rel.loc.loc-org.owner.currentOwner,R10100234
rel.loc.loc-org.owner.previousOwner,R10100235
rel.loc.loc-org.siteOfAstronomicalDiscovery,R10100236
rel.loc.loc-org.surveyor,R10100237
rel.loc.loc-org.surveyor.quantitySurveyor,R10100238
rel.loc.loc-org.tenant,R10100239
rel.loc.loc-per,R101003
rel.loc.loc-per.archaeologist,R1010031
rel.loc.loc-per.architect,R1010032
rel.loc.loc-per.bishop,R1010033
rel.loc.loc-per.bishop.archBishop,R1010034
rel.loc.loc-per.builder,R1010035
rel.loc.loc-per.chairperson,R1010036
rel.loc.loc-per.chef,R1010037
rel.loc.loc-per.chef.headChef,R1010038
rel.loc.loc-per.creator,R1010039
rel.loc.loc-per.curator,R10100310
rel.loc.loc-per.dedicatedTo,R10100311
rel.loc.loc-per.designer,R10100312
rel.loc.loc-per.discoverer,R10100313
rel.loc.loc-per.engineer,R10100314
rel.loc.loc-per.engineer.civilEngineer,R10100315
rel.loc.loc-per.engineer.servicesEngineer,R10100316
rel.loc.loc-per.engineer.structuralEngineer,R10100317
rel.loc.loc-per.firstAscentPerson,R10100318
rel.loc.loc-per.founder,R10100319
rel.loc.loc-per.fundedBy,R10100320
rel.loc.loc-per.historian,R10100321
rel.loc.loc-per.landlord,R10100322
rel.loc.loc-per.leader,R10100323
rel.loc.loc-per.manager,R10100324
rel.loc.loc-per.manager.generalManager,R10100325
rel.loc.loc-per.namedAfter,R10100326
rel.loc.loc-per.occupant,R10100327
rel.loc.loc-per.officeholder,R10100328
rel.loc.loc-per.officeholder.commander,R10100329
rel.loc.loc-per.officeholder.commissionedBy,R10100330
rel.loc.loc-per.officeholder.deputy,R10100331
rel.loc.loc-per.officeholder.governor,R10100332
rel.loc.loc-per.officeholder.headOfGovernment,R10100333
rel.loc.loc-per.officeholder.headOfState,R10100334
rel.loc.loc-per.officeholder.mayor,R10100335
rel.loc.loc-per.officeholder.president,R10100336
rel.loc.loc-per.owner,R10100337
rel.loc.loc-per.owner.currentOwner,R10100338
rel.loc.loc-per.owner.previousOwner,R10100339
rel.loc.loc-per.pastor,R10100340
rel.loc.loc-per.pastor.seniorPastor,R10100341
rel.loc.loc-per.patron,R10100342
rel.loc.loc-per.patron.patronSaint,R10100343
rel.loc.loc-per.people,R10100344
rel.loc.loc-per.people.keyPeople,R10100345
rel.loc.loc-per.representative,R10100346
rel.loc.loc-per.restoredBy,R10100347
rel.loc.loc-per.saint,R10100348
rel.loc.loc-per.surveyor,R10100349
rel.loc.loc-per.surveyor.quantitySurveyor,R10100350
rel.loc.loc-per.tenant,R10100351
rel.loc.loc-per.warden,R10100352
rel.org,R102
rel.org.org-loc,R102001
rel.org.org-loc.airlineHub,R1020011
rel.org.org-loc.allegiance,R1020012
rel.org.org-loc.ancestralHome,R1020013
rel.org.org-loc.appliesToJurisdiction,R1020014
rel.org.org-loc.battleFoughtAt,R1020015
rel.org.org-loc.broadcastArea,R1020016
rel.org.org-loc.campusLocation,R1020017
rel.org.org-loc.cathedral,R1020018
rel.org.org-loc.city,R1020019
rel.org.org-loc.country,R10200110
rel.org.org-loc.country.countryOfOrigin,R10200111
rel.org.org-loc.administrativeDivision,R10200112
rel.org.org-loc.administrativeDivision.county,R10200113
rel.org.org-loc.estate,R10200114
rel.org.org-loc.foundingLocation,R10200115
rel.org.org-loc.garrison,R10200116
rel.org.org-loc.ground,R10200117
rel.org.org-loc.ground.homeArena,R10200118
rel.org.org-loc.ground.homeVenue,R10200119
rel.org.org-loc.ground.homeStadium,R10200120
rel.org.org-loc.headquarter,R10200121
rel.org.org-loc.headquarter.headquartersCity,R10200122
rel.org.org-loc.headquarter.headquartersCountry,R10200123
rel.org.org-loc.headquarter.headquartersLocation,R10200124
rel.org.org-loc.jurisdiction,R10200125
rel.org.org-loc.localAuthority,R10200126
rel.org.org-loc.locality,R10200127
rel.org.org-loc.locatedAt,R10200128
rel.org.org-loc.namedAfter,R10200129
rel.org.org-loc.operatingArea,R10200130
rel.org.org-loc.origin,R10200131
rel.org.org-loc.ownerOf,R10200132
rel.org.org-loc.province,R10200133
rel.org.org-loc.publishingLocation,R10200134
rel.org.org-loc.publishingLocation.publishingCity,R10200135
rel.org.org-loc.publishingLocation.publishingCountry,R10200136
rel.org.org-loc.region,R10200137
rel.org.org-loc.regionServed,R10200138
rel.org.org-loc.state,R10200139
rel.org.org-loc.street,R10200140
rel.org.org-loc.targetAirport,R10200141
rel.org.org-loc.workLocation,R10200142
rel.org.org-org,R102002
rel.org.org-org.affiliation,R1020021
rel.org.org-org.affiliation.athleticsAffiliation,R1020022
rel.org.org-org.affiliation.europeanAffiliation,R1020023
rel.org.org-org.affiliation.internationalAffiliation,R1020024
rel.org.org-org.affiliation.nationalAffiliation,R1020025
rel.org.org-org.agency,R1020026
rel.org.org-org.agency.childAgency,R1020027
rel.org.org-org.agency.operatingAgency,R1020028
rel.org.org-org.agency.parentAgency,R1020029
rel.org.org-org.alliance,R10200210
rel.org.org-org.alliance.airlineAlliance,R10200211
rel.org.org-org.allies,R10200212
rel.org.org-org.allegiance,R10200213
rel.org.org-org.archivesAt,R10200214
rel.org.org-org.associatedWith,R10200215
rel.org.org-org.associatedWith.band,R10200216
rel.org.org-org.associatedWith.family,R10200217
rel.org.org-org.associatedWith.federation,R10200218
rel.org.org-org.associatedWith.league,R10200219
rel.org.org-org.associatedWith.stockExchange,R10200220
rel.org.org-org.associatedWith.union,R10200221
rel.org.org-org.associatedWith.university,R10200222
rel.org.org-org.authority,R10200223
rel.org.org-org.broadcastNetwork,R10200224
rel.org.org-org.broadcastNetwork.formerBroadcastNetwork,R10200225
rel.org.org-org.businessDivision,R10200226
rel.org.org-org.club,R10200227
rel.org.org-org.club.parentClub,R10200228
rel.org.org-org.commandStructure,R10200229
rel.org.org-org.company,R10200230
rel.org.org-org.company.distributingCompany,R10200231
rel.org.org-org.company.owningCompany,R10200232
rel.org.org-org.company.parentCompany,R10200233
rel.org.org-org.designatedAsTerroristBy,R10200234
rel.org.org-org.developer,R10200235
rel.org.org-org.distributingLabel,R10200236
rel.org.org-org.division,R10200237
rel.org.org-org.executiveBody,R10200238
rel.org.org-org.followedBy,R10200239
rel.org.org-org.follows,R10200240
rel.org.org-org.hasPart,R10200241
rel.org.org-org.influencedBy,R10200242
rel.org.org-org.investor,R10200243
rel.org.org-org.isPartOf,R10200244
rel.org.org-org.legislativeBody,R10200245
rel.org.org-org.legislativeBody.house,R10200246
rel.org.org-org.localAuthority,R10200247
rel.org.org-org.makesProductFor,R10200248
rel.org.org-org.manufacturer,R10200249
rel.org.org-org.memberOf,R10200250
rel.org.org-org.mergedIntoParty,R10200251
rel.org.org-org.militaryBranch,R10200252
rel.org.org-org.mostTitles,R10200253
rel.org.org-org.namedAfter,R10200254
rel.org.org-org.operator,R10200255
rel.org.org-org.organization,R10200256
rel.org.org-org.organization.childOrganization,R10200257
rel.org.org-org.organization.foundingOrganization,R10200258
rel.org.org-org.organization.parentOrganization,R10200259
rel.org.org-org.owner,R10200260
rel.org.org-org.owner.currentOwner,R10200261
rel.org.org-org.owner.previousOwner,R10200262
rel.org.org-org.ownerOf,R10200263
rel.org.org-org.participant,R10200264
rel.org.org-org.partnershipWith,R10200265
rel.org.org-org.politicalParty,R10200266
rel.org.org-org.politicalParty.politicalPartyInLegislature,R10200267
rel.org.org-org.politicalParty.politicalPartyOfLeader,R10200268
rel.org.org-org.predecessor,R10200269
rel.org.org-org.producer,R10200270
rel.org.org-org.publisher,R10200271
rel.org.org-org.recordLabel,R10200272
rel.org.org-org.religion,R10200273
rel.org.org-org.religion.religiousOrder,R10200274
rel.org.org-org.replacedBy,R10200275
rel.org.org-org.replaces,R10200276
rel.org.org-org.represents,R10200277
rel.org.org-org.rival,R10200278
rel.org.org-org.splitFromParty,R10200279
rel.org.org-org.sponsor,R10200280
rel.org.org-org.subsidiary,R10200281
rel.org.org-org.subsidiary.sisterStation,R10200282
rel.org.org-org.successor,R10200283
rel.org.org-per,R102003
rel.org.org-per.administrator,R1020031
rel.org.org-per.alumni,R1020032
rel.org.org-per.ambassador,R1020033
rel.org.org-per.architect,R1020034
rel.org.org-per.associatedWith,R1020035
rel.org.org-per.associatedWith.musicalArtist,R1020036
rel.org.org-per.captain,R1020037
rel.org.org-per.chairperson,R1020038
rel.org.org-per.chief,R1020039
rel.org.org-per.chief.chiefExecutive,R10200310
rel.org.org-per.chief.chiefExecutiveOfficer,R10200311
rel.org.org-per.coach,R10200312
rel.org.org-per.coach.assistantCoach,R10200313
rel.org.org-per.coach.headCoach,R10200314
rel.org.org-per.coach.womanCoach,R10200315
rel.org.org-per.conductor,R10200316
rel.org.org-per.conductor.ChiefConductor,R10200317
rel.org.org-per.creator,R10200318
rel.org.org-per.crewMember,R10200319
rel.org.org-per.director,R10200320
rel.org.org-per.director.boardOfDirectors,R10200321
rel.org.org-per.director.musicDirector,R10200322
rel.org.org-per.editor,R10200323
rel.org.org-per.editor.associateEditor,R10200324
rel.org.org-per.editor.campusEditor,R10200325
rel.org.org-per.editor.chiefEditor,R10200326
rel.org.org-per.editor.deputyEditor,R10200327
rel.org.org-per.editor.managingEditor,R10200328
rel.org.org-per.editor.managingEditor.managingEditorDesign,R10200329
rel.org.org-per.editor.metroEditor,R10200330
rel.org.org-per.editor.newsEditor,R10200331
rel.org.org-per.editor.opinionEditor,R10200332
rel.org.org-per.editor.photoEditor,R10200333
rel.org.org-per.editor.sportsEditor,R10200334
rel.org.org-per.flagBearer,R10200335
rel.org.org-per.founder,R10200336
rel.org.org-per.head,R10200337
rel.org.org-per.head.currentHead,R10200338
rel.org.org-per.head.finalHead,R10200339
rel.org.org-per.head.finalRuler,R10200340
rel.org.org-per.influencedBy,R10200341
rel.org.org-per.investor,R10200342
rel.org.org-per.leader,R10200343
rel.org.org-per.manager,R10200344
rel.org.org-per.manager.generalManager,R10200345
rel.org.org-per.manager.teamManager,R10200346
rel.org.org-per.member,R10200347
rel.org.org-per.member.bandMember,R10200348
rel.org.org-per.member.bandMember.formerBandMember,R10200349
rel.org.org-per.member.boardMember,R10200350
rel.org.org-per.member.connectedMember,R10200351
rel.org.org-per.member.currentMember,R10200352
rel.org.org-per.member.formerMember,R10200353
rel.org.org-per.mostCaps,R10200354
rel.org.org-per.musicalConductor,R10200355
rel.org.org-per.namedAfter,R10200356
rel.org.org-per.officeholder,R10200357
rel.org.org-per.officeholder.chairman,R10200358
rel.org.org-per.officeholder.chancellor,R10200359
rel.org.org-per.officeholder.chiefJudge,R10200360
rel.org.org-per.officeholder.commander,R10200361
rel.org.org-per.officeholder.commander.notableCommander,R10200362
rel.org.org-per.officeholder.commander.secondCommander,R10200363
rel.org.org-per.officeholder.commander.commanderInChief,R10200364
rel.org.org-per.officeholder.dean,R10200365
rel.org.org-per.officeholder.minister,R10200366
rel.org.org-per.officeholder.president,R10200367
rel.org.org-per.officeholder.principal,R10200368
rel.org.org-per.officeholder.secretaryGeneral,R10200369
rel.org.org-per.officeholder.viceChancellor,R10200370
rel.org.org-per.officeholder.vicePresident,R10200371
rel.org.org-per.owner,R10200372
rel.org.org-per.owner.currentOwner,R10200373
rel.org.org-per.owner.previousOwner,R10200374
rel.org.org-per.participant,R10200375
rel.org.org-per.patron,R10200376
rel.org.org-per.patron.patronSaint,R10200377
rel.org.org-per.patron.schoolPatron,R10200378
rel.org.org-per.people,R10200379
rel.org.org-per.people.keyPeople,R10200380
rel.org.org-per.performer,R10200381
rel.org.org-per.producer,R10200382
rel.org.org-per.rector,R10200383
rel.org.org-per.secretary,R10200384
rel.org.org-per.secretary.firstSecretary,R10200385
rel.org.org-per.signatory,R10200386
rel.org.org-per.spokesperson,R10200387
rel.org.org-per.sponsor,R10200388
rel.org.org-per.student,R10200389
rel.org.org-per.superintendent,R10200390
rel.org.org-per.topScorer,R10200391
rel.per,R103
rel.per.per-loc,R103001
rel.per.per-loc.ancestralHome,R1030011
rel.per.per-loc.archivesAt,R1030012
rel.per.per-loc.awardedAt,R1030013
rel.per.per-loc.battleFoughtAt,R1030014
rel.per.per-loc.beatifiedPlace,R1030015
rel.per.per-loc.billedFrom,R1030016
rel.per.per-loc.bodyDiscoveredPlcae,R1030017
rel.per.per-loc.canonizedPlace,R1030018
rel.per.per-loc.country,R1030019
rel.per.per-loc.country.countryForSport,R10300110
rel.per.per-loc.country.countryOfCitizenship,R10300111
rel.per.per-loc.country.countryOfOrigin,R10300112
rel.per.per-loc.country.formerCountry,R10300113
rel.per.per-loc.country.homeCountry,R10300114
rel.per.per-loc.country.nationality,R10300115
rel.per.per-loc.disappearedPlace,R10300116
rel.per.per-loc.administrativeDivision,R10300117
rel.per.per-loc.administrativeDivision.district,R10300118
rel.per.per-loc.administrativeDivision.district.electoralDistrict,R10300119
rel.per.per-loc.exhibitionHistory,R10300120
rel.per.per-loc.hometown,R10300121
rel.per.per-loc.honouredAt,R10300122
rel.per.per-loc.imprisonedAt,R10300123
rel.per.per-loc.locatedAt,R10300124
rel.per.per-loc.majorShrine,R10300125
rel.per.per-loc.missionAt,R10300126
rel.per.per-loc.monuments,R10300127
rel.per.per-loc.notableWork,R10300128
rel.per.per-loc.officeholder,R10300129
rel.per.per-loc.officeholder.commanderOf,R10300130
rel.per.per-loc.origin,R10300131
rel.per.per-loc.ownerOf,R10300132
rel.per.per-loc.permanentResidentOf,R10300133
rel.per.per-loc.placeOfBirth,R10300134
rel.per.per-loc.placeOfBurial,R10300135
rel.per.per-loc.placeOfDeath,R10300136
rel.per.per-loc.placeOfDetention,R10300137
rel.per.per-loc.region,R10300138
rel.per.per-loc.religiousInstitution,R10300139
rel.per.per-loc.religiousInstitution.church,R10300140
rel.per.per-loc.religiousInstitution.temple,R10300141
rel.per.per-loc.residence,R10300142
rel.per.per-loc.restaurant,R10300143
rel.per.per-loc.restingPlace,R10300144
rel.per.per-loc.significantBuilding,R10300145
rel.per.per-loc.significantProject,R10300146
rel.per.per-loc.state,R10300147
rel.per.per-loc.state.stateOfOrigin,R10300148
rel.per.per-loc.trainingLocation,R10300149
rel.per.per-loc.trainingLocation.currentTrainingLocation,R10300150
rel.per.per-loc.trainingLocation.formerTrainingLocation,R10300151
rel.per.per-loc.trainingLocation.gym,R10300152
rel.per.per-loc.workLocation,R10300153
rel.per.per-org,R103002
rel.per.per-org.affiliation,R1030021
rel.per.per-org.agency,R1030022
rel.per.per-org.agentCompany,R1030023
rel.per.per-org.allegiance,R1030024
rel.per.per-org.almaMater,R1030025
rel.per.per-org.archivesAt,R1030026
rel.per.per-org.associatedWith,R1030027
rel.per.per-org.associatedWith.band,R1030028
rel.per.per-org.associatedWith.institution,R1030029
rel.per.per-org.associatedWith.institution.professorshipAt,R10300210
rel.per.per-org.associatedWith.league,R10300211
rel.per.per-org.associatedWith.league.prospectLeague,R10300212
rel.per.per-org.awardedBy,R10300213
rel.per.per-org.battleFaughtUnder,R10300214
rel.per.per-org.boardMemberOf,R10300215
rel.per.per-org.chairpersonOf,R10300216
rel.per.per-org.chiefExecutiveOfficerOf,R10300217
rel.per.per-org.club,R10300218
rel.per.per-org.club.coachedClub,R10300219
rel.per.per-org.club.currentClub,R10300220
rel.per.per-org.club.youthClub,R10300221
rel.per.per-org.coachOf,R10300222
rel.per.per-org.coachOf.assistCoachOf,R10300223
rel.per.per-org.coachOf.formerCoachOf,R10300224
rel.per.per-org.coachOf.headCoachOf,R10300225
rel.per.per-org.directorOf,R10300226
rel.per.per-org.draftedBy,R10300227
rel.per.per-org.educatedAt,R10300228
rel.per.per-org.educatedAt.college,R10300229
rel.per.per-org.educatedAt.highSchool.formerHighSchool,R10300230
rel.per.per-org.educatedAt.highSchool,R10300231
rel.per.per-org.educatedAt.school,R10300232
rel.per.per-org.educatedAt.university,R10300233
rel.per.per-org.employer,R10300234
rel.per.per-org.family,R10300235
rel.per.per-org.family.house,R10300236
rel.per.per-org.founderOf,R10300237
rel.per.per-org.influenced,R10300238
rel.per.per-org.influencedBy,R10300239
rel.per.per-org.isPartOf,R10300240
rel.per.per-org.managerOf,R10300241
rel.per.per-org.managerOf.managerOfClub,R10300242
rel.per.per-org.memberOf,R10300243
rel.per.per-org.memberOf.currentMemberOf,R10300244
rel.per.per-org.memberOf.memberOfAssembly,R10300245
rel.per.per-org.memberOf.memberOfMovement,R10300246
rel.per.per-org.memberOf.memberOfParliament,R10300247
rel.per.per-org.memberOf.memberOfPoliticalParty,R10300248
rel.per.per-org.memberOf.memberOfStateAssembly,R10300249
rel.per.per-org.memberOf.memberOfStateDelegate,R10300250
rel.per.per-org.memberOf.memberOfStateHouse,R10300251
rel.per.per-org.memberOf.memberOfStateLegislature,R10300252
rel.per.per-org.memberOf.pastMemberOf,R10300253
rel.per.per-org.militaryBranch,R10300254
rel.per.per-org.militaryUnit,R10300255
rel.per.per-org.officeholder,R10300256
rel.per.per-org.officeholder.commanderOf,R10300257
rel.per.per-org.ownerOf,R10300258
rel.per.per-org.participantOf,R10300259
rel.per.per-org.positionHeld,R10300260
rel.per.per-org.practiceAt,R10300261
rel.per.per-org.recordLabel,R10300262
rel.per.per-org.religion,R10300263
rel.per.per-org.religion.religiousOrder,R10300264
rel.per.per-org.sponsoredBy,R10300265
rel.per.per-org.team,R10300266
rel.per.per-org.team.amateurTeam,R10300267
rel.per.per-org.team.coachedTeam,R10300268
rel.per.per-org.team.collegeTeam,R10300269
rel.per.per-org.team.currentTeam,R10300270
rel.per.per-org.team.debutTeam,R10300271
rel.per.per-org.team.draftTeam,R10300272
rel.per.per-org.team.formerTeam,R10300273
rel.per.per-org.team.managedTeam,R10300274
rel.per.per-org.team.nationalTeam,R10300275
rel.per.per-org.team.olympicTeam,R10300276
rel.per.per-org.team.prospectTeam,R10300277
rel.per.per-org.team.proTeam,R10300278
rel.per.per-org.team.sportsTeam,R10300279
rel.per.per-org.team.universityTeam,R10300280
rel.per.per-org.team.worldsTeam,R10300281
rel.per.per-org.trainedAt,R10300282
rel.per.per-org.wantedBy,R10300283
rel.per.per-per,R103003
rel.per.per-per.advisor,R1030031
rel.per.per-per.advisor.academicAdvisor,R1030032
rel.per.per-per.advisor.doctoralAdvisor,R1030033
rel.per.per-per.agent,R1030034
rel.per.per-per.appointedBy,R1030035
rel.per.per-per.associatedWith,R1030036
rel.per.per-per.associatedWith.musicalArtist,R1030037
rel.per.per-per.awardedBy,R1030038
rel.per.per-per.beatifiedBy,R1030039
rel.per.per-per.canonizedBy,R10300310
rel.per.per-per.choreographer,R10300311
rel.per.per-per.choreographer.formerChoreographer,R10300312
rel.per.per-per.coachOf,R10300313
rel.per.per-per.coachOf.assistCoachOf,R10300314
rel.per.per-per.coachOf.formerCoachOf,R10300315
rel.per.per-per.coachOf.headCoachOf,R10300316
rel.per.per-per.consecrator,R10300317
rel.per.per-per.createdCardinalBy,R10300318
rel.per.per-per.employer,R10300319
rel.per.per-per.relative,R10300320
rel.per.per-per.relative.child,R10300321
rel.per.per-per.relative.parent,R10300322
rel.per.per-per.relative.parent.father,R10300323
rel.per.per-per.relative.parent.mother,R10300324
rel.per.per-per.relative.parent.stepParent,R10300325
rel.per.per-per.relative.sibling,R10300326
rel.per.per-per.relative.spouse,R10300327
rel.per.per-per.influenced,R10300328
rel.per.per-per.influencedBy,R10300329
rel.per.per-per.inspiredBy,R10300330
rel.per.per-per.namedAfter,R10300331
rel.per.per-per.nominatedBy,R10300332
rel.per.per-per.officeholder,R10300333
rel.per.per-per.officeholder.deputy,R10300334
rel.per.per-per.officeholder.inOfficeChancellor,R10300335
rel.per.per-per.officeholder.inOfficeGovernor,R10300336
rel.per.per-per.officeholder.inOfficeGovernorGeneral,R10300337
rel.per.per-per.officeholder.inOfficeLieutenant,R10300338
rel.per.per-per.officeholder.inOfficeMonarch,R10300339
rel.per.per-per.officeholder.inOfficePresident,R10300340
rel.per.per-per.officeholder.inOfficePrimeMinister,R10300341
rel.per.per-per.officeholder.inOfficeVicePresident,R10300342
rel.per.per-per.officeholder.inOfficeVicePrimeMinister,R10300343
rel.per.per-per.opponent,R10300344
rel.per.per-per.ordinatedBy,R10300345
rel.per.per-per.partner,R10300346
rel.per.per-per.partner.currentPartner,R10300347
rel.per.per-per.partner.domesticPartner,R10300348
rel.per.per-per.partner.formerPartner,R10300349
rel.per.per-per.partner.lifePartner,R10300350
rel.per.per-per.partner.professionalPartner,R10300351
rel.per.per-per.partner.sportsPartner,R10300352
rel.per.per-per.patron,R10300353
rel.per.per-per.predecessor,R10300354
rel.per.per-per.replacedBy,R10300355
rel.per.per-per.replaces,R10300356
rel.per.per-per.servedAlongside,R10300357
rel.per.per-per.sponsoredBy,R10300358
rel.per.per-per.student,R10300359
rel.per.per-per.student.doctoralStudent,R10300360
rel.per.per-per.student.notableStudent,R10300361
rel.per.per-per.studentOf,R10300362
rel.per.per-per.successor,R10300363
rel.per.per-per.teacher,R10300364
rel.per.per-per.teacher.guru,R10300365
rel.per.per-per.trainer,R10300366
rel.per.per-per.victim,R10300367
